wavelength,flux_original,flux_processed,ivar
4899.0849609375,13.250731825828552,0.15062774648164712,0.0006786780254169546
4899.536865234375,-44.546682834625244,0.15753168102617446,0.000617436471600722
4899.98681640625,17.965991735458374,0.16733485573648335,0.000598963597159583
4900.43798828125,24.20684814453125,0.17800922068890043,0.0005439997622128007
4900.8900146484375,75.98952960968018,0.18963108088240493,0.000589199809767836
4901.342041015625,46.219343423843384,0.20159204279566567,0.0005880337016695775
4901.79345703125,44.69149112701416,0.21351551186679243,0.0005352938023880989
4902.243408203125,71.33734893798828,0.2256508436997194,0.0005874712405581954
4902.695556640625,51.41271495819092,0.23823176503453286,0.000704630917514564
4903.1478271484375,35.08154094219208,0.2510930865174196,0.0006446362579063401
4903.60009765625,78.82326316833496,0.2636772169284982,0.0005968360239120667
4904.049560546875,36.7233190536499,0.2762513835596631,0.0006832475917389536
4904.501953125,62.8421516418457,0.2875800215237043,0.0007679922720569409
4904.954345703125,53.758605003356934,0.2994320949532991,0.0007603647126910177
4905.4066162109375,56.95553684234619,0.3110768952373635,0.0007576606919914677
4905.85791015625,50.507972240448,0.32254349464328297,0.0007368206480690096
4906.3089599609375,68.1135892868042,0.3338617879980088,0.0005840259896350162
4906.761474609375,53.31832408905029,0.3447562217355949,0.0005277462941224238
4907.2139892578125,49.72705364227295,0.35511338013833926,0.0006265741819673553
4907.6658935546875,64.2762098312378,0.36486138384126443,0.0006074713991323672
4908.1165771484375,81.73318195343018,0.3739246055448884,0.0005382062027954945
4908.5693359375,79.21188354492188,0.3815526295476935,0.0006350751673173781
4909.02197265625,77.09021759033203,0.38992603966038597,0.0005934854302611316
4909.4747314453125,67.84075355529785,0.3944277537288198,0.000638462740313023
4909.925537109375,82.76020812988281,0.3993629058688775,0.0006575767861469324
4910.3778076171875,70.7594747543335,0.40492466742106364,0.0006231715824357651
4910.83056640625,72.12385559082031,0.4071324105460771,0.0006550239377536178
4911.28369140625,62.05821990966797,0.4069029533470889,0.0007119970622784771
4911.7359619140625,74.54197788238525,0.4095342593994589,0.0006500706298247963
4912.18701171875,65.17375755310059,0.4113971412904076,0.0005900481847252782
4912.64013671875,64.04659271240234,0.4125145347901634,0.0005756068650469009
4913.09326171875,85.87648391723633,0.4135395574908709,0.0007024717413812744
4913.54638671875,91.92129325866699,0.4006290150833507,0.0005887744544876546
4913.99658203125,81.05539035797119,0.39606604121911393,0.0005695712847917457
4914.4498291015625,67.00261783599854,0.38735207639346175,0.000605417649946379
4914.9033203125,71.52381324768066,0.38842585551294384,0.0005938600963803791
4915.3564453125,84.58964729309082,0.38756203014370993,0.0005659572097889132
4915.8084716796875,71.3253870010376,0.3841491230071022,0.0005465954651714733
4916.2606201171875,46.68901443481445,0.3878809263520586,0.0005904370494373446
4916.7139892578125,93.15305709838867,0.38232942623924326,0.000573050689744032
4917.16748046875,112.30070209503174,0.3855971587827733,0.00044761415338028356
4917.6204833984375,78.76265239715576,0.39348678118965624,0.0004990134861440438
4918.0718994140625,104.18843650817871,0.39278025819812395,0.0005522511944163516
4918.5255126953125,84.61041259765625,0.39675515705115433,0.0005836061690438201
4918.9791259765625,68.79945278167725,0.3954043431837542,0.0005211825359157224
4919.432861328125,99.76693153381348,0.3924075632393385,0.0005360943825313625
4919.884521484375,78.8300666809082,0.3915643519694803,0.0005647141840750933
4920.337646484375,53.87619495391846,0.392888226674329,0.0006517492294983166
4920.7913818359375,66.96196365356445,0.3963417497444169,0.0005758663441036147
4921.245361328125,74.5756483078003,0.39563708228918854,0.0006417527680626015
4921.6978759765625,73.21390914916992,0.39486090990697437,0.0005976532796111742
4922.150390625,77.10674571990967,0.3980501968078483,0.0005752498020314779
4922.6044921875,93.01788520812988,0.3982834234077498,0.0005752297267323022
4923.058349609375,46.01791286468506,0.39696958549328665,0.0005889186954143819
4923.512451171875,33.08686399459839,0.39529855261874947,0.0005900672157805551
4923.9638671875,69.77037048339844,0.3903884674926576,0.0005242797854684237
4924.4180908203125,77.60345458984375,0.38634883223888067,0.00047545624053087096
4924.872314453125,44.921741008758545,0.38618469400153166,0.0005149778642753668
4925.3265380859375,87.40650177001953,0.38943790994741373,0.0004896587760838685
4925.7794189453125,62.37146472930908,0.39682415300810897,0.0005027454042745258
4926.232421875,97.2161865234375,0.39899249881340104,0.0005118392490733776
4926.686767578125,55.38706016540527,0.39755275024779496,0.0005566940062672987
4927.14111328125,79.59709167480469,0.4040742272833259,0.0005079089949631656
4927.5948486328125,85.14809226989746,0.4104472072567288,0.00042203315244977637
4928.04736328125,110.34375381469727,0.4112787591502399,0.0005063645300360535
4928.501953125,100.5092658996582,0.4112608372147238,0.0004442336811860741
4928.95654296875,88.40853118896484,0.40515624582752147,0.00045734778124995604
4929.4111328125,110.13974189758301,0.4055460796325373,0.000496754932769463
4929.86376953125,91.58576774597168,0.4030156029407321,0.0006203679975141845
4930.3177490234375,132.1869716644287,0.3995024630348625,0.00045182553505315406
4930.7724609375,60.64038848876953,0.40181591836777525,0.00038742684896671975
4931.227294921875,68.5511417388916,0.4121886319643277,0.00045389965683549676
4931.6807861328125,75.4598331451416,0.4130195856982135,0.00048807140016336503
4932.1341552734375,65.50880432128906,0.4227768610544325,0.00047589563937495456
4932.589111328125,88.13882446289062,0.4285271525125964,0.00047905111475770164
4933.044189453125,102.69065284729004,0.426118561652147,0.00046971810297535057
4933.499267578125,82.63455390930176,0.43328833395314376,0.00036944480290111356
4933.951416015625,85.32661247253418,0.4403752467935762,0.0004202807085728384
4934.406494140625,52.837196350097656,0.44610923375769096,0.00045115790285046316
4934.861572265625,70.72094345092773,0.459072556035272,0.0004489535758750313
4935.316650390625,80.09245872497559,0.4674788659997313,0.000524202774995168
4935.7698974609375,72.44715118408203,0.46994675158094096,0.0004874126612744975
4936.224365234375,90.75290966033936,0.4752109152699975,0.0004976328378962339
4936.6798095703125,99.3260326385498,0.4813382955723865,0.0004677484899570211
4937.135009765625,93.97447204589844,0.4824368815938121,0.00043198431916654953
4937.5897216796875,134.90497207641602,0.4697104763435904,0.0004282801052813582
4938.043212890625,125.41559791564941,0.46941931516527907,0.00046977691096384677
4938.49853515625,106.92644882202148,0.4743720146900027,0.0004435601497499666
4938.9541015625,73.87374949455261,0.4720000943530568,0.0004164490584963943
4939.4095458984375,54.224793434143066,0.47224364221885023,0.0004560645048980085
4939.8624267578125,72.05713653564453,0.46961884148726457,0.0004797797451116753
4940.3179931640625,95.44149971008301,0.4733180144597443,0.0005237774460365651
4940.7738037109375,62.056159019470215,0.4769701401261594,0.0004997697354058011
4941.2294921875,69.04780197143555,0.4740021292349099,0.0004488639141311517
4941.683837890625,96.64743995666504,0.47495969623803586,0.0004156580125372286
4942.13818359375,89.29332160949707,0.48357509680477695,0.0004296382269399752
4942.5941162109375,133.876859664917,0.4855458780299806,0.0004241129604524207
4943.0499267578125,106.81278228759766,0.4899097724525942,0.0003833791890267472
4943.5052490234375,122.04167556762695,0.5008262210099329,0.0004022264835934286
4943.9591064453125,103.08876037597656,0.5040485571678504,0.00041378254808855915
4944.4150390625,114.63937187194824,0.5146698910545976,0.00044455402730964
4944.87109375,85.23445510864258,0.515852765387572,0.0003147303204665546
4945.3271484375,118.98533058166504,0.5204666874266864,0.0003064057061828192
4945.78125,90.1836109161377,0.5283167703844062,0.0003742537067734953
4946.23681640625,100.5364933013916,0.52522434805269,0.00038595161561716526
4946.6929931640625,142.3596534729004,0.5277688485095435,0.0004941757223683717
4947.149169921875,115.50596237182617,0.5288072737322828,0.0004599858037998697
4947.6048583984375,98.57887268066406,0.5308689901825814,0.00047141057867078345
4948.0592041015625,80.94255828857422,0.5317103914373731,0.0004536890792342518
4948.5155029296875,40.16611576080322,0.5258005146553363,0.0003741109034095989
4948.971923828125,69.7816219329834,0.5225508024824076,0.0003783773939481569
4949.4283447265625,104.60955238342285,0.5241056857333689,0.0003447304364139071
4949.8822021484375,88.87334442138672,0.5291174147070232,0.0004187792032749119
4950.3387451171875,101.4367446899414,0.5368845197010743,0.0004502417108913967
4950.7952880859375,84.83963203430176,0.5377524719896102,0.0004313081057432889
4951.251953125,157.75374221801758,0.550506826646806,0.00039368572398803154
4951.7071533203125,115.50325965881348,0.5563883757740616,0.00033546793103029674
4952.16259765625,87.25824546813965,0.5567136402869778,0.0003417753121298498
4952.6192626953125,95.66622734069824,0.5639199730688221,0.00034996761202893184
4953.076171875,120.73043441772461,0.564363646791989,0.0003713918067335319
4953.5323486328125,117.0859146118164,0.5616036407380999,0.0003689899150000024
4953.9873046875,110.17471504211426,0.5570208585892921,0.00035927656865956703
4954.44384765625,66.85427284240723,0.5555758883706226,0.0003859200315485288
4954.90087890625,127.00578880310059,0.5461724031633386,0.0003796341676711809
4955.35791015625,112.83061027526855,0.5408156508185062,0.0004478095170047573
4955.8131103515625,90.3790340423584,0.5340416735310197,0.0004543427121637523
4956.26953125,127.14352416992188,0.5342274373065101,0.0004399494617589053
4956.7265625,102.8559799194336,0.5398243152046558,0.0003698438594483388
4957.18359375,83.32898235321045,0.5397268187736792,0.0003490944363217489
4957.6395263671875,115.25763034820557,0.5430568892012939,0.00034178501818365434
4958.095458984375,115.30499839782715,0.5414526744503718,0.00036942523775660064
4958.552734375,105.31101989746094,0.5400212754697965,0.0005456643762907033
4959.0101318359375,86.59983444213867,0.5411682511354298,0.0005861139810102071
4959.467529296875,66.1852331161499,0.5488185236158396,0.00042472035143423573
4959.9222412109375,119.64061546325684,0.5485751929124064,0.0003869665518717829
4960.379638671875,106.4767894744873,0.5482104213160773,0.00037903034449861224
4960.837158203125,133.79973602294922,0.5550499755844418,0.0004467009224685455
4961.294677734375,110.49464988708496,0.5577142392989208,0.0002865881001914869
4961.7509765625,121.2785758972168,0.5654688853771852,0.00035098347454037653
4962.207275390625,130.23796844482422,0.5681296418407523,0.0002982188156531895
4962.6649169921875,130.25474739074707,0.5638426712588192,0.0003295089765102765
4963.1226806640625,108.70001983642578,0.5655214411429755,0.0002967052278108895
4963.5797119140625,73.68467235565186,0.5734495339587743,0.00038648471333518154
4964.035400390625,66.56429290771484,0.5720425451767593,0.00037775495463061095
4964.493408203125,115.19257926940918,0.5702615885778608,0.0003100998072478358
4964.951171875,31.182876586914062,0.5713261237968462,0.00031938559846052765
4965.4091796875,112.1971664428711,0.5827078116384657,0.000314264065241339
4965.864990234375,146.4471549987793,0.5843454610828199,0.00031818568299025194
4966.3223876953125,91.53454399108887,0.5792113348699117,0.00037931792669694965
4966.780517578125,97.20187377929688,0.5760883389991939,0.0003593909061645992
4967.238525390625,89.93432426452637,0.5767053312408951,0.00039028551556184884
4967.6954345703125,112.43667793273926,0.5803589122807478,0.0003495283168110314
4968.152099609375,115.69099807739258,0.5894579671292371,0.00035117446362848304
4968.6103515625,130.75981330871582,0.580560379617353,0.00037852740961340144
4969.0687255859375,109.62297248840332,0.5894480276430875,0.0003771277077273365
4969.5269775390625,146.57142066955566,0.5939246964283191,0.00035573024112498316
4969.9825439453125,97.02697944641113,0.5922175330323339,0.00037322133641253365
4970.44091796875,108.9138240814209,0.6004866080598589,0.00034535928214039346
4970.8994140625,121.3755989074707,0.6086594287720178,0.0003152099692516053
4971.35791015625,119.61042594909668,0.6098315840209465,0.00033058030901782345
4971.814453125,135.85211563110352,0.6162084656327924,0.0003341427475703766
4972.272216796875,150.9441146850586,0.6162533540561718,0.00031930540795710807
4972.7308349609375,110.8604564666748,0.618687078206097,0.00033062037210320865
4973.1895751953125,100.82695579528809,0.6218349115802315,0.00031507476370684303
4973.6474609375,122.20175743103027,0.6184844252668182,0.00030963081994883694
4974.104248046875,134.18982696533203,0.6232613690684247,0.00037999558874544736
4974.56298828125,137.0097484588623,0.6256920068067356,0.0004170139480623353
4975.021728515625,146.30616760253906,0.6287151257835062,0.00026478852477984123
4975.480712890625,102.36085891723633,0.6329659562985979,0.0002800461743311149
4975.936767578125,107.67966842651367,0.6337159712794885,0.00028500065643984485
4976.395751953125,109.0067195892334,0.6429739222376102,0.00028124567350754163
4976.854736328125,85.78359031677246,0.6404780654891177,0.0002858848504899886
4977.313720703125,77.38102674484253,0.6390832933149706,0.00033715063208041376
4977.771484375,115.47499942779541,0.6373824266001271,0.00032425317005410756
4978.229248046875,128.29120635986328,0.6315782486710946,0.00031940180395885687
4978.688232421875,92.80078887939453,0.6333849416070602,0.00029655197220549464
4979.147705078125,103.94485664367676,0.6209130709632179,0.0003534557466628382
4979.6060791015625,126.01438903808594,0.6225434072598367,0.0003709589518204786
4980.0633544921875,141.27986335754395,0.623237497521709,0.0003172703241325306
4980.522705078125,139.29589462280273,0.6209618886062964,0.0003051756388261277
4980.9820556640625,145.942626953125,0.6182294974184239,0.00031603361834467057
4981.4415283203125,123.48480796813965,0.615974707792219,0.0003468039286467712
4981.8988037109375,89.68782138824463,0.6186331807879709,0.0003134618554357305
4982.357666015625,153.02436447143555,0.6153908445013195,0.000286388480410357
4982.8172607421875,105.74620056152344,0.6156119180290885,0.0003226201959426211
4983.27685546875,121.06600379943848,0.6166430412592604,0.0003554979062675293
4983.73583984375,136.35064697265625,0.626895088226208,0.000384011398712442
4984.193359375,111.11348724365234,0.6251627393545571,0.00036922216034350263
4984.653076171875,84.17352104187012,0.6200314158574017,0.0003315970380274057
4985.11279296875,104.40646934509277,0.6183731588708887,0.00035150429378880333
4985.5726318359375,102.89784240722656,0.6200772179389469,0.0003291465633796164
4986.02978515625,143.44293975830078,0.6200451642156898,0.00033136383364394293
4986.489501953125,121.81365013122559,0.631628538893744,0.00034343001217532323
4986.949462890625,95.20526123046875,0.6358363829490392,0.000311714569839886
4987.409423828125,105.73972129821777,0.6324322866588873,0.00029551855176806205
4987.8680419921875,105.41191482543945,0.6323801451150214,0.00032739769522423647
4988.3267822265625,104.84338569641113,0.6376562025651116,0.0002992922477269311
4988.786865234375,128.4490146636963,0.646082694227708,0.00026104040653618556
4989.2469482421875,100.9807186126709,0.656042116946458,0.00025436385124677914
4989.7064208984375,132.370210647583,0.6562640952000889,0.0003235155880190123
4990.1646728515625,92.74716758728027,0.6627635078815363,0.00026393085482522954
4990.6248779296875,168.74908828735352,0.6664523574218074,0.0002553647095965471
4991.085205078125,149.6316032409668,0.6677190469492068,0.0002890135077310496
4991.5455322265625,115.62332344055176,0.660327094667369,0.00028863323898378746
4992.0037841796875,126.70385360717773,0.6604199381629684,0.00028290816731267425
4992.463623046875,127.42885780334473,0.6647081015686017,0.00029293701879364915
4992.924072265625,123.5910758972168,0.6607775429702518,0.0002940056601231073
4993.384521484375,112.3615665435791,0.6675373621965395,0.00027603872812213094
4993.84375,156.8797264099121,0.6756511357564138,0.00029562394959842654
4994.302978515625,123.64691925048828,0.6765755976204479,0.0002490043040317204
4994.763671875,129.44044303894043,0.6795874694331867,0.0002771066807225254
4995.2242431640625,115.72710037231445,0.6890977758348369,0.00032759212431814305
4995.68505859375,104.0226879119873,0.6940165301223237,0.0003120277301765229
4996.14306640625,142.66800689697266,0.6920682576082209,0.0002734470709325491
4996.60400390625,141.01373672485352,0.6955451418425939,0.00026368749018549985
4997.0645751953125,116.4660415649414,0.6981788306984531,0.0002567693839619754
4997.525390625,97.06229400634766,0.708307739882349,0.00034007312968646456
4997.985107421875,118.15124130249023,0.7104753185074547,0.00025462187076992883
4998.44482421875,150.16844940185547,0.7125177821560065,0.00022901096388532822
4998.90576171875,145.41128158569336,0.7039414835089276,0.0002654870171379029
4999.36669921875,125.7990550994873,0.7051693132528751,0.00027464524660209775
4999.8272705078125,156.23064422607422,0.7019606638327752,0.00023609922533952588
5000.2862548828125,107.67875671386719,0.7064130636230225,0.0002966808158263896
5000.74755859375,111.99695205688477,0.7174599907425802,0.0003345610123804009
5001.208740234375,146.60265350341797,0.7166691551785163,0.0003298885949661458
5001.6700439453125,150.84457397460938,0.7176336650081396,0.00032886269954898305
5002.1292724609375,135.55604362487793,0.7162718976001051,0.0002790614535285516
5002.5899658203125,122.45367240905762,0.715091957156812,0.0002716324653805269
5003.0513916015625,126.8315258026123,0.7161403521418676,0.00031712643753941956
5003.5128173828125,143.8995361328125,0.7174300997034847,0.0002980562991617995
5003.972900390625,110.43091583251953,0.7138501803245245,0.0003420277000271638
5004.43310546875,125.17318725585938,0.705808128475931,0.00029531094016850936
5004.8946533203125,111.57934951782227,0.7110450248155527,0.00030387364539471366
5005.356201171875,149.16853523254395,0.7179806605794634,0.00030238261922218635
5005.8179931640625,142.35122680664062,0.7171726629901716,0.000278077627103007
5006.27685546875,129.44080543518066,0.7108637168146666,0.0003198741489025247
5006.7386474609375,145.46124458312988,0.7127517163357422,0.00034444102464347424
5007.200439453125,87.64897441864014,0.7131654446339716,0.00035840554448892867
5007.662353515625,94.78824996948242,0.6871070491340351,0.0003044560145130425
5008.1219482421875,153.99695014953613,0.6962348873857875,0.000327160004192316
5008.583251953125,146.57867431640625,0.7004654931631489,0.0003215361219210679
5009.045166015625,119.01382827758789,0.7048590321510743,0.00023517097370578873
5009.50732421875,124.93040466308594,0.7090409962093658,0.00023887303679581505
5009.968505859375,128.82281684875488,0.7033495927686699,0.0002285031814601727
5010.4285888671875,163.41840362548828,0.705012699776074,0.0002602897584438324
5010.8907470703125,124.95427894592285,0.7030423128175477,0.00024545426695286713
5011.3529052734375,92.03958892822266,0.7059749099352282,0.0002801920626557587
5011.8150634765625,154.0033950805664,0.7031984834522899,0.0002679345295356456
5012.2745361328125,132.23273086547852,0.7073307118945752,0.0002482016754587156
5012.7369384765625,166.25687789916992,0.7092853025740227,0.00027150240219584094
5013.19921875,127.55670738220215,0.7153133336939035,0.00030805822540062226
5013.66162109375,149.92763900756836,0.7160164204931126,0.0003172660823009962
5014.122802734375,148.6531753540039,0.727509119723016,0.000304593389119651
5014.583740234375,88.06282424926758,0.7279439628294154,0.00029719155985172236
5015.0462646484375,123.38987350463867,0.7269528942438591,0.0002739761347065138
5015.5087890625,118.10660934448242,0.732470062568273,0.0003494094983231484
5015.970703125,126.5985221862793,0.7346014049264864,0.00034221274567327903
5016.431396484375,120.34324073791504,0.740366653033849,0.00022157061936324668
5016.8939208984375,128.36252784729004,0.7497629573015454,0.0002494018167472244
5017.356689453125,94.36784172058105,0.7507283990703303,0.00027856824812448453
5017.819580078125,151.00847625732422,0.7578880165369641,0.00024600376577827977
5018.2802734375,137.10592460632324,0.7588203341731987,0.00026348946024174966
5018.742431640625,137.51322555541992,0.7652949965064203,0.0003043688862436753
5019.205322265625,112.91243171691895,0.7666970477819985,0.0002873777694703924
5019.668212890625,122.63509368896484,0.7779402622622067,0.0003121790587233119
5020.1304931640625,166.99316787719727,0.7832616995354638,0.00022848449589218944
5020.591552734375,122.40113258361816,0.7850814702812066,0.00023817199165242513
5021.054443359375,125.64851379394531,0.793851737030986,0.0003000816281179956
5021.517578125,278.6003761291504,0.801016076490004,0.00028772866171512134
5021.980712890625,130.39116859436035,0.8027528014032106,0.00023156284161895933
5022.441162109375,126.77308654785156,0.8103008220513479,0.000258161493964483
5022.9044189453125,130.31161499023438,0.8198861897742161,0.0002743329536661433
5023.36767578125,114.91900062561035,0.8205238269081131,0.00024183669126323558
5023.8310546875,157.76636505126953,0.824921859718849,0.0002759441467806996
5024.29296875,156.20792770385742,0.8342992619885781,0.00024984924077990774
5024.7550048828125,183.22539520263672,0.8411922386507824,0.00022866222725392984
5025.2183837890625,133.50735664367676,0.8450999339602823,0.0002631682961406004
5025.6820068359375,143.6797981262207,0.8357140690393986,0.00023589627887306777
5026.144775390625,119.79412651062012,0.8325329756342569,0.00027721871192342654
5026.6063232421875,165.7879981994629,0.8363605491105233,0.000255423937663209
5027.0699462890625,142.7906494140625,0.8427935897434977,0.0002272543243872327
5027.5335693359375,156.69723320007324,0.8432776061854025,0.00020393162108227165
5027.997314453125,126.89687538146973,0.84304880223703,0.0002334433333011937
5028.458984375,141.6563949584961,0.851681336415798,0.00025743635435237084
5028.922119140625,151.9106101989746,0.847353182002045,0.0002583937413431937
5029.385986328125,150.4788703918457,0.8410249027434215,0.0002220858039869677
5029.849853515625,181.19372177124023,0.8349801335617311,0.00021732461710252524
5030.3123779296875,151.02515029907227,0.8244518442385828,0.00020173640311276544
5030.77490234375,115.40361404418945,0.8200074794762418,0.00020255744708907962
5031.2388916015625,166.79888534545898,0.8170195594510254,0.0002585606195774844
5031.702880859375,151.85842895507812,0.8047755589624049,0.00026528878393496444
5032.1669921875,154.84994316101074,0.7968277682185364,0.00024232126629022488
5032.6282958984375,135.9536304473877,0.7882789625631937,0.0002595994315562344
5033.092529296875,148.59728813171387,0.7807657261380042,0.0002371453973607779
5033.5567626953125,129.05106735229492,0.7651037396371478,0.00022443059756857285
5034.0211181640625,157.8341464996338,0.7545959531407396,0.00024411754613545042
5034.48388671875,168.18728065490723,0.7481147152655935,0.00022877273475789884
5034.9468994140625,147.79667282104492,0.7435455282611143,0.000212063731869312
5035.4112548828125,92.18500328063965,0.7365816376491082,0.00022618493691099276
5035.875732421875,116.09429168701172,0.7565045298062756,0.0002097225921179102
5036.339599609375,138.15292930603027,0.753944190108683,0.0002102347505078882
5036.8018798828125,119.52145957946777,0.748352028870748,0.0002498069365770359
5037.2666015625,139.23155212402344,0.7359763948310175,0.0002503511713410564
5037.73095703125,119.68714714050293,0.7240425207255495,0.00022131809243189173
5038.19580078125,88.09636878967285,0.7165439077841907,0.00023001403001652386
5038.658447265625,133.17812728881836,0.7161911265743768,0.00019716664888913093
5039.12255859375,109.46784591674805,0.7246544433201002,0.00020288913251834858
5039.58740234375,143.35188484191895,0.7259008802072036,0.00022243769884276022
5040.0517578125,171.4426498413086,0.726064925324795,0.00022204139153577003
5040.5155029296875,111.85941696166992,0.7171220608123539,0.00021397480257053143
5040.97900390625,130.29022598266602,0.7152486560212732,0.00023590301871146533
5041.44384765625,124.19438171386719,0.7114330150835607,0.00023264848978431482
5041.9088134765625,150.4481258392334,0.7154412989497388,0.00029314323270336975
5042.3740234375,99.93473815917969,0.7116911360088887,0.00033008140192740745
5042.8363037109375,101.77190971374512,0.7119444433106729,0.0003283087561312093
5043.30126953125,140.24302673339844,0.721627579794067,0.0002545342453865911
5043.7666015625,130.20574951171875,0.7262057535191815,0.00020348083912567161
5044.231689453125,162.4362678527832,0.7261218112295852,0.00016604998201833358
5044.6949462890625,120.41839027404785,0.734503489770676,0.00019988262412946197
5045.159423828125,114.52762222290039,0.7335860187968873,0.00021420313093319486
5045.624755859375,124.74973106384277,0.734298164838138,0.00019846134727831058
5046.0902099609375,154.82964706420898,0.7418623140274105,0.00017347893398068852
5046.554931640625,147.2123908996582,0.7480750872792458,0.00020466231253922346
5047.018310546875,142.5340576171875,0.7499091419863526,0.00018107244317587973
5047.4837646484375,164.2203884124756,0.7610541789068844,0.00020642433930109636
5047.9493408203125,143.65641403198242,0.7748853128720659,0.0002088798885185433
5048.4149169921875,168.50003051757812,0.7847916603184272,0.00017672765650104334
5048.877685546875,113.85452556610107,0.7942024977017116,0.00019833884021355658
5049.343505859375,124.75237083435059,0.8015849500634624,0.0002157338374862875
5049.80908203125,132.16797256469727,0.8022641912370613,0.00024637396446932226
5050.27490234375,121.42988395690918,0.8018222633354138,0.00021345036319838994
5050.7393798828125,132.21713256835938,0.8077578900986234,0.0002262194563157568
5051.203857421875,175.77653121948242,0.8149942135133529,0.00026388849296388205
5051.669677734375,160.3558807373047,0.8305203942817437,0.00019684162696383104
5052.1356201171875,182.62466049194336,0.8458433237058449,0.00019086667355205526
5052.600830078125,146.7370090484619,0.8544063123136074,0.0002469143273414956
5053.0648193359375,127.41328430175781,0.8663447894618459,0.000259486054720545
5053.5308837890625,120.10298347473145,0.8710414716382345,0.0002206900957562517
5053.9969482421875,134.7080841064453,0.8750243808028116,0.00022713721967899912
5054.4630126953125,164.02946090698242,0.8949252943388427,0.00022560522698767904
5054.92724609375,174.87910079956055,0.9022349826587615,0.00023112476009793225
5055.3927001953125,170.6972312927246,0.9102793286845653,0.00019839620655937254
5055.8590087890625,143.90312004089355,0.9189478750903676,0.00019724351228587601
5056.3253173828125,161.5014305114746,0.9294127773940591,0.00018942202383460122
5056.791015625,155.16894340515137,0.9252439780490421,0.0002081812644325678
5057.25537109375,110.86600875854492,0.9300852061153085,0.00023282004676847967
5057.7218017578125,138.4373321533203,0.9352641964407209,0.00020308957521032175
5058.188232421875,205.66980361938477,0.9371552567657799,0.00021655861817888712
5058.65478515625,136.29202270507812,0.9400343392820811,0.00021212084047272115
5059.1185302734375,153.9480438232422,0.9447287142492798,0.00020507031085023822
5059.585205078125,202.36359024047852,0.9521193674083678,0.0001800611034326239
5060.052001953125,157.86769485473633,0.9477443189726089,0.00024404105237192466
5060.5186767578125,174.915771484375,0.9498635538148286,0.0002143033020940519
5060.98388671875,188.3545799255371,0.9568040691269474,0.00019318419373619413
5061.449462890625,152.75829887390137,0.9620573586315944,0.0001955846146228922
5061.916259765625,116.52946090698242,0.9702170281557345,0.00018585285778696968
5062.383056640625,168.0962677001953,0.9780071264544379,0.0001840871513400385
5062.8492431640625,190.9835548400879,0.9813799311208141,0.00019130141411459025
5063.314208984375,192.74602508544922,0.9781213737942682,0.00018571604707429089
5063.781005859375,177.79141998291016,0.9786325221497283,0.00020912626480174403
5064.248291015625,209.3707618713379,0.9735340861796976,0.00020672602610757822
5064.7152099609375,202.2310791015625,0.9721542238781296,0.00016232178649421426
5065.1802978515625,180.66482162475586,0.9667613239206548,0.0001749083643882712
5065.646728515625,154.57393646240234,0.9782114131567228,0.0002064714101921924
5066.114013671875,132.69923400878906,0.9832588946609423,0.00030396021578915
5066.581298828125,128.37331199645996,0.9937001403844219,0.00020760060388858815
5067.0472412109375,146.8369026184082,0.9988063864277408,0.00018057484970079093
5067.51318359375,158.8752555847168,1.0026084211167585,0.0001984905851170978
5067.98046875,197.32544326782227,0.9987243195772815,0.00022381923835079458
5068.4478759765625,142.88152694702148,0.9941416636862822,0.00022359974731886114
5068.91552734375,149.8475742340088,0.9847715796257496,0.00019271234022751163
5069.3802490234375,160.39490509033203,0.9804613061599904,0.00018956159995476576
5069.84765625,147.3373794555664,0.9769170188328736,0.00023626686063280613
5070.3154296875,162.00919914245605,0.9722423556418988,0.0002043301985911996
5070.782958984375,189.63196182250977,0.9770965195029845,0.00023077357585225364
5071.249267578125,135.76541900634766,0.9730971827436853,0.00017673832189757377
5071.715576171875,166.43697357177734,0.9664796584200157,0.0001860345946624875
5072.183349609375,173.29959106445312,0.9608480549008611,0.0001977181950154822
5072.6512451171875,204.14470291137695,0.9705964203360076,0.0001880362783157278
5073.1185302734375,153.69958114624023,0.9628479518229144,0.0002531527531307105
5073.584228515625,124.06461143493652,0.9542178516226751,0.00024240368134947297
5074.0521240234375,190.71343231201172,0.9546682869972187,0.0002632956639439453
5074.520263671875,188.2438507080078,0.9551091503826812,0.00024014934251370159
5074.9881591796875,155.86443710327148,0.9648005349458286,0.0001957064654311479
5075.4542236328125,157.6385383605957,0.9583976558414742,0.00020595298446456832
5075.921630859375,163.23187065124512,0.9527464672119043,0.0002728652696154753
5076.3897705078125,142.93033981323242,0.9426636803231593,0.00018542149769137364
5076.8580322265625,192.17316436767578,0.9375765152108401,0.00022335067997652502
5077.3248291015625,173.53532028198242,0.9356565043842261,0.0002298487842031679
5077.791748046875,158.68371200561523,0.9399892460401624,0.000221226106886766
5078.2601318359375,192.98764038085938,0.9390874016088584,0.00020215553669143715
5078.728515625,159.10351181030273,0.9511287275321302,0.00018351672206808
5079.1968994140625,187.11481475830078,0.9630817813687637,0.00016345555195584893
5079.66259765625,139.68068313598633,0.966803148284475,0.00017515353311633365
5080.131103515625,156.78453063964844,0.9720125710941111,0.0002137753568748353
5080.599609375,150.5324935913086,0.9743794008532412,0.00024007687420651852
5081.068359375,140.5738697052002,0.9655083321661272,0.00022506971835530964
5081.534912109375,118.73649597167969,0.9662731938814351,0.00022967288658530302
5082.0029296875,140.35988998413086,0.9729664427316445,0.00023492757621423532
5082.4716796875,150.1649055480957,0.9757896590972219,0.0002476063863756906
5082.9404296875,205.1384735107422,0.9797412825941159,0.00020984451993263223
5083.408447265625,196.44688415527344,0.9780500580378193,0.0002059632019952001
5083.875,194.98742294311523,0.98054192728561,0.0002227657504842206
5084.34423828125,176.68856811523438,0.9813496128182799,0.00018354013373299448
5084.81298828125,140.84049606323242,0.9767819984868931,0.0002051131782262858
5085.281982421875,179.8962860107422,0.9773091725943409,0.0002236589207267361
5085.7481689453125,143.92288780212402,0.9827594216591206,0.00019336655382422177
5086.21728515625,157.29758834838867,0.989314328929457,0.00021998635723105553
5086.6864013671875,141.1234359741211,0.9921661701912201,0.0001842202130188851
5087.1556396484375,163.93762969970703,1.0,0.00017235374350193486
5087.623291015625,184.70480728149414,1.0036424024873327,0.00017510279194864672
5088.0911865234375,190.4516716003418,0.9962720156484924,0.0001997671365878175
5088.560546875,149.2188720703125,0.9954830781300406,0.00021161906073903877
5089.0299072265625,111.54085731506348,1.0040783420579784,0.00019498496370724613
5089.49853515625,213.34606170654297,1.0007948746328983,0.00022180205831823617
5089.9659423828125,180.0970802307129,0.9948067626424142,0.00017887008714919533
5090.435302734375,163.8500747680664,0.9935224856665971,0.00018483116895354676
5090.90478515625,186.52113342285156,0.9916928126576425,0.00016746643094843382
5091.374267578125,199.08053970336914,1.003096228840424,0.00018868867669411644
5091.841796875,174.97844314575195,1.0038580768457537,0.00018078182458243763
5092.310791015625,194.37146377563477,1.0155738395005582,0.0001703146815013819
5092.780517578125,163.3056411743164,1.0318450820080824,0.00018815436137165908
5093.250244140625,163.14896774291992,1.0272089869857377,0.00019471283966800504
5093.7193603515625,192.02363967895508,1.0343277782996723,0.00016907666117189771
5094.18701171875,160.36895751953125,1.0326912700845599,0.00020054827328138216
5094.65673828125,148.40582847595215,1.0484713859617714,0.00016167740821964468
5095.126708984375,199.54787826538086,1.0509767503092209,0.00017589663912076503
5095.5966796875,164.68939208984375,1.0424792055467127,0.00018815239148923323
5096.0638427734375,140.69402503967285,1.0274832349790572,0.0001699595400982356
5096.5338134765625,202.51487350463867,1.0252528628073103,0.0001904800498005638
5097.00390625,143.80787658691406,1.024688526576133,0.00016989998039339415
5097.4739990234375,176.36381149291992,1.0384711968543414,0.0001612247175188816
5097.9427490234375,163.3030834197998,1.0480871271405716,0.00022698694953816455
5098.41162109375,155.83352661132812,1.0399971584640129,0.00022265577969044222
5098.8818359375,198.62999725341797,1.0456139101311268,0.0001674838426011901
5099.3521728515625,206.28019332885742,1.0325672197891969,0.0002057363234197003
5099.82177734375,125.10805130004883,1.0375397162265794,0.00021644038297226047
5100.2900390625,141.62799072265625,1.023062675486078,0.000266489547749147
5100.760498046875,166.32188034057617,1.0115919193769898,0.00021232896350241836
5101.2308349609375,174.97947311401367,0.9997292966021284,0.00018393047415396775
5101.701416015625,147.78845024108887,0.9864947567420088,0.00017422302948920282
5102.169921875,170.40228652954102,0.9893242678436702,0.00018796504742692822
5102.639892578125,203.96047973632812,0.9910819630370256,0.0001601574905678664
5103.1102294921875,157.76405334472656,0.9867120009302216,0.0001744381814832311
5103.580810546875,189.88116836547852,0.9642135443962383,0.0001998287275919306
5104.05029296875,209.37453842163086,0.9639334100359211,0.0001810301295109568
5104.519775390625,194.28995513916016,0.9565922659598042,0.0001882718673773577
5104.990478515625,176.97048568725586,0.952599693164297,0.00023107002519832023
5105.461181640625,155.52097702026367,0.9442215157063816,0.00024815713506522614
5105.932373046875,196.41909790039062,0.9442117179740654,0.00015813220616732321
5106.400390625,121.76812744140625,0.9473950886379967,0.00021319254557982788
5106.871337890625,126.26029777526855,0.945374202778399,0.00019808665730170356
5107.3424072265625,202.69780349731445,0.9370643314503692,0.0001401782705082601
5107.8133544921875,173.2104034423828,0.9309446838132646,0.000149013644494067
5108.283203125,171.4472827911377,0.924638339962081,0.00017356081917538628
5108.7529296875,87.96655464172363,0.9255269878096415,0.00019964709802313527
5109.22412109375,139.9296112060547,0.9188390107222675,0.00018622780515720904
5109.6953125,182.69066619873047,0.9228084646722166,0.0002391985672227984
5110.1658935546875,191.77082443237305,0.9235265094202243,0.00018135440356775593
5110.6351318359375,139.65801429748535,0.9212968752002473,0.00018451815898032112
5111.1064453125,131.28260803222656,0.929118469818863,0.00020878857902502168
5111.577880859375,104.29960250854492,0.9324366182471495,0.00021558347225033276
5112.04931640625,113.45647621154785,0.9398495860726297,0.0001838546714322912
5112.518798828125,208.31971740722656,0.9515291495764002,0.0001573262149710068
5112.9896240234375,121.6081600189209,0.9470180360151275,0.00015839603672485844
5113.461181640625,179.65415954589844,0.9506425351794506,0.00016620564007434013
5113.932861328125,121.23194885253906,0.9589628223357085,0.00017921015335209604
5114.403076171875,184.46028900146484,0.9506140327532483,0.00016765337425552455
5114.873291015625,182.81305313110352,0.9412676361889263,0.00014514074299295534
5115.34521484375,167.64041900634766,0.9373361562185198,0.0001746041532242205
5115.81689453125,198.33288955688477,0.9385124120431886,0.0001797323059010181
5116.288818359375,135.43403816223145,0.9341087880260059,0.0001635580894765781
5116.7579345703125,146.1950454711914,0.9334484801026938,0.00017364704823992104
5117.229736328125,133.8989143371582,0.9418460423806954,0.00019816754355210915
5117.7017822265625,185.9022445678711,0.9387402466489184,0.000187944448245078
5118.1737060546875,171.1620101928711,0.9412055826636986,0.0001882318312210627
5118.643798828125,182.4017219543457,0.9532580035891717,0.00017392891511539086
5119.1151123046875,149.3754653930664,0.9635209417528607,0.00017721772972468966
5119.5872802734375,198.4674301147461,0.9686940639132463,0.00017743823465629348
5120.0595703125,174.08485794067383,0.9729713225801182,0.0001752551686055524
5120.531005859375,134.65612411499023,0.9999118368749005,0.00015469499995603568
5121.001220703125,184.30315017700195,1.0072430496125702,0.00018113219417555416
5121.4736328125,193.24782943725586,1.003447452109499,0.00017525784180056183
5121.94580078125,185.09046936035156,1.0107133282697296,0.00019465641961284051
5122.41845703125,223.38835525512695,1.026288806344145,0.0001845103319000973
5122.887939453125,158.86833953857422,1.032299742202449,0.00019115322205497595
5123.3603515625,186.9781379699707,1.0175034285216913,0.00018224719469549404
5123.8330078125,185.15221405029297,1.019825436014304,0.00013694277891693657
5124.3056640625,172.46179962158203,1.038313089838561,0.000163212971841667
5124.77685546875,162.2558135986328,1.0513650978574791,0.0001885782721789646
5125.248046875,170.7485466003418,1.051617871808231,0.00016073186595033735
5125.720703125,135.2745246887207,1.0501215462425117,0.00018021957742220775
5126.193359375,140.2840347290039,1.0468784089147583,0.00021557993497182975
5126.665771484375,97.6031084060669,1.0553949065335142,0.00017819241760224196
5127.13623046875,170.9906234741211,1.0557442466622218,0.00019227539520805565
5127.609375,173.62247467041016,1.0478402094472348,0.00018903090845468284
5128.0821533203125,163.1857032775879,1.0423086268214594,0.0001801922895451026
5128.55517578125,171.9603042602539,1.0208975421525937,0.00021140688838820445
5129.0260009765625,191.73265838623047,1.0197022409293326,0.00017716939121331627
5129.4984130859375,189.88129806518555,1.0226970839611393,0.0001825679753501206
5129.9715576171875,174.7573699951172,1.0255145233779295,0.00019783692757580694
5130.4447021484375,178.64419746398926,1.0280718641428062,0.00021450974186331895
5130.917236328125,182.42824172973633,1.0187947557057266,0.00019121902759253133
5131.3883056640625,172.71338272094727,1.0112235588188416,0.0001746092679564812
5131.861572265625,193.5041046142578,1.0041049259408927,0.0001667204178036878
5132.3348388671875,202.17233276367188,1.0039622392812102,0.00016119590135138678
5132.808349609375,179.87375259399414,1.0038075627850829,0.00023162654115715977
5133.2789306640625,182.90856170654297,1.0064835373456942,0.00017533411592732885
5133.7523193359375,200.23320770263672,1.0062156288674509,0.00015160787292745333
5134.225830078125,188.1677360534668,1.0053442859933164,0.00016012380683803833
5134.699462890625,107.71905136108398,0.9922445097065777,0.00020687630559568687
5135.171630859375,128.21022605895996,0.9906276940632123,0.00021271477538621666
5135.643798828125,182.90027236938477,0.9908749198164638,0.00016346498696471662
5136.117431640625,205.3921356201172,0.98766743875698,0.00015141108865976722
5136.5911865234375,136.73711395263672,0.9881079475109279,0.00020011027720772252
5137.064208984375,185.54663467407227,0.9955518996696434,0.00016911185118643034
5137.535888671875,210.27183532714844,0.9946368648156044,0.0001865290119905791
5138.009765625,167.11624145507812,1.006852519190137,0.00018819789440734883
5138.4837646484375,120.11717414855957,1.002524085818593,0.00021788340494742874
5138.95751953125,156.3700065612793,1.0111046785767068,0.0001534823850505605
5139.429443359375,170.17723083496094,1.010269974343282,0.00016266288736036525
5139.90283203125,165.79051208496094,1.00781633325696,0.00017627583870000136
5140.3768310546875,137.0007152557373,1.0015091828194993,0.0002275386240867297
5140.8509521484375,64.11495971679688,1.0008815623990064,0.00024264955531874246
5141.3236083984375,194.0520477294922,0.9835068377914712,0.00016068500270990357
5141.7965087890625,150.67985153198242,0.9830129421942639,0.0001465379893593665
5142.270751953125,194.37412643432617,0.9794398748138521,0.00017998846454638138
5142.7449951171875,222.79203033447266,0.979351722917822,0.0001835755832918531
5143.219482421875,183.00829696655273,0.9819609278702366,0.00018502122878011562
5143.69091796875,162.1291389465332,0.9842722903499284,0.0001871588317920983
5144.165283203125,146.36514854431152,0.9861410766435256,0.0002646222613650773
5144.639892578125,179.72073364257812,0.9835356594811855,0.00014766713269667817
5145.1143798828125,180.34075546264648,0.9849430642784957,0.00013549437700114843
5145.58740234375,179.24096298217773,0.9800269264284917,0.00013683537636835383
5146.060791015625,159.63206100463867,0.9842427531415971,0.00018811425551880937
5146.535400390625,172.49449920654297,0.9815374665993561,0.00020061673162811655
5147.010009765625,158.38792419433594,0.9800199799929059,0.00019508801933842761
5147.48388671875,153.52928733825684,0.981993292950453,0.000197928987242891
5147.9566650390625,130.92212677001953,0.9790354084473047,0.00019767897041372416
5148.431396484375,181.8458251953125,0.9924376466255292,0.00018922691499607215
5148.90625,230.88976287841797,0.9997042504047067,0.00021383552483987558
5149.381103515625,130.12681198120117,1.0064547976206524,0.0002374355999464959
5149.8538818359375,164.54721069335938,0.9982896696362926,0.00020186853991079767
5150.3282470703125,196.72200775146484,0.9892972431089048,0.00016726822364137876
5150.80322265625,175.16844177246094,0.9960494911714962,0.00015915915784793194
5151.2783203125,183.82815170288086,0.994081601251934,0.00019040593647123643
5151.751953125,168.31064987182617,0.9973151536824488,0.00017874962142748623
5152.2257080078125,124.16499328613281,1.0107422558955639,0.0002014156775309527
5152.7010498046875,212.54395294189453,1.0110172433946594,0.00018148902771532644
5153.17626953125,134.48651695251465,1.0115887704136548,0.00020035553308803844
5153.6514892578125,171.32789611816406,1.0014268867151648,0.0001482539234086921
5154.1240234375,190.22490310668945,1.01582725166758,0.0001553194477532615
5154.599365234375,174.92219924926758,1.0230280933386757,0.0001880011712396507
5155.0748291015625,143.36908721923828,1.0183174909752286,0.00020719427768417262
5155.55029296875,179.77252960205078,0.9945998851204333,0.0002181103613967192
5156.023681640625,157.90266799926758,1.0060681545608208,0.00019804254442518476
5156.49853515625,176.78271484375,0.9956863549668393,0.00019160156983157321
5156.97412109375,146.21149253845215,0.9891560610059884,0.00017724077291340383
5157.44970703125,135.6060028076172,0.98471896871435,0.00014858067768911833
5157.9248046875,155.13563919067383,0.9801151192435631,0.00017391826920604297
5158.3983154296875,157.23737335205078,0.9706807348732075,0.00017350768729527288
5158.8741455078125,167.16347122192383,0.959067537177348,0.00016667908928819295
5159.3499755859375,149.69291305541992,0.9576685849975816,0.00016971331710333715
5159.8258056640625,189.44179916381836,0.9599886693281312,0.00016842297641500665
5160.2989501953125,131.8741111755371,0.9384898172930175,0.00018698180660115654
5160.7747802734375,191.07598876953125,0.933993647614143,0.0001462469971884689
5161.2508544921875,203.50894165039062,0.9263650762523393,0.00015048968035427033
5161.726806640625,169.91297149658203,0.9098204588637262,0.00015939155370559263
5162.2015380859375,204.85265350341797,0.8880565905824882,0.00019520497453927527
5162.67626953125,140.5278434753418,0.8646146804672453,0.00018915351923917643
5163.15234375,163.30405235290527,0.8592672774084429,0.00018456085239561103
5163.6285400390625,75.13010215759277,0.8668791125188038,0.00021146682943500708
5164.104248046875,158.54288482666016,0.8506512818715166,0.0001930214807333897
5164.5782470703125,219.89975357055664,0.834663625564657,0.00020078617671970278
5165.0546875,168.38855361938477,0.8254005245337442,0.00019750943414126334
5165.5311279296875,145.2088508605957,0.8161764505743326,0.00021719810447258446
5166.00732421875,163.97455978393555,0.8215780243138855,0.00021980625379295173
5166.481689453125,138.01724815368652,0.820293322140527,0.00022286195460399837
5166.95751953125,166.11083602905273,0.8046022941198911,0.00021054198764701188
5167.43408203125,109.88093757629395,0.8095715257907309,0.00023515931709613798
5167.91064453125,196.60140991210938,0.8006784571545665,0.0002654391150012125
5168.38671875,76.35211753845215,0.7951960962349705,0.00029238860140475275
5168.861328125,98.29488945007324,0.7956229769293907,0.0003087810764554888
5169.3380126953125,121.67990493774414,0.7977622967080717,0.00023432283449182256
5169.81494140625,133.23396110534668,0.8010376986450878,0.00024023855144751402
5170.2916259765625,61.670555114746094,0.8133074614684299,0.0003168018809626821
5170.765625,124.22635841369629,0.8250890906469369,0.00015708401830794713
5171.24267578125,145.51941299438477,0.8341881678524539,0.0001489961534249275
5171.7196044921875,170.70030975341797,0.8341942186902606,0.00020131938628515131
5172.196533203125,138.37582969665527,0.8222461139527873,0.0002314146771925016
5172.672119140625,142.7015609741211,0.8149183150673003,0.0002191559832579307
5173.1478271484375,135.0377655029297,0.8110287871791617,0.00026606424848580826
5173.625,109.1837215423584,0.8066158782973907,0.0003699274987552194
5174.1021728515625,84.0943374633789,0.7973388855521056,0.00034730221969413524
5174.57861328125,213.353178024292,0.7997001346553464,0.00028126779209239344
5175.0538330078125,106.00587844848633,0.794593675681659,0.0002391918048219405
5175.5311279296875,131.83177757263184,0.80153045686996,0.00021009125889786143
5176.008544921875,167.14997100830078,0.8090491494099471,0.00019605193846051474
5176.48583984375,195.95447158813477,0.8106562282033514,0.0001778596227681281
5176.961181640625,187.3563690185547,0.8184082433806511,0.00019719101815515527
5177.43798828125,141.2092170715332,0.8149094376062602,0.00017338986576314648
5177.91552734375,123.99841690063477,0.8206378909123788,0.00020003523664171262
5178.39306640625,156.39959526062012,0.8119094855968579,0.00018062437937897775
5178.8692626953125,192.34755325317383,0.8203311519636992,0.00015530455640982077
5179.345458984375,198.79981231689453,0.8420913995981704,0.00018898098048513755
5179.8232421875,188.93040466308594,0.853073530065312,0.00020747935621721468
5180.3009033203125,120.51656532287598,0.8609194590130247,0.00020674112244763326
5180.77880859375,142.34391021728516,0.8764599292793925,0.00021371535536966654
5181.2537841796875,178.67892456054688,0.8718589740974354,0.00018144408957141507
5181.7315673828125,156.57858848571777,0.8692467525909291,0.000187844177689741
5182.2095947265625,160.25161838531494,0.8746345106228561,0.00018268119374980761
5182.6875,180.91952896118164,0.8925437946136889,0.00022434478807508023
5183.1641845703125,175.26841735839844,0.8897867266106593,0.00021376072107620736
5183.6407470703125,157.3617820739746,0.8856136448297529,0.00024754409232650315
5184.118896484375,118.02436447143555,0.9014421070988432,0.0002973625914805111
5184.596923828125,98.55595016479492,0.9049955690920157,0.0004029172014521864
5185.074462890625,71.80042362213135,0.8922626696091903,0.0004072480714605482
5185.550537109375,98.07018375396729,0.8834670030219484,0.00031889691356577207
5186.0289306640625,113.01709747314453,0.8792723942393984,0.00026461194049224164
5186.507080078125,166.19486236572266,0.8805832875150669,0.0001885889455071846
5186.985595703125,162.37542724609375,0.8845020835629442,0.00017498205311070535
5187.4619140625,147.75242614746094,0.8856062629070284,0.00021102142827593572
5187.939697265625,164.16259765625,0.88001274789031,0.0002050420326629682
5188.418212890625,179.47544860839844,0.8630493435819439,0.00020983692754163817
5188.896728515625,161.07346725463867,0.8498003901873118,0.0001956112883956923
5189.373779296875,148.4154987335205,0.8611973829160179,0.00020101836370871174
5189.850830078125,141.73307991027832,0.8515346362577415,0.00021878130989811835
5190.3297119140625,159.60833358764648,0.8483374011700632,0.00021197532635166134
5190.808349609375,168.3199348449707,0.8515553345885688,0.00020111756328699976
5191.287109375,180.13429260253906,0.8652889534694037,0.0001894003999128067
5191.7630615234375,188.92729949951172,0.8882879035586037,0.00017774357260159657
5192.241943359375,166.05266571044922,0.8892083168039236,0.00015282112538845188
5192.7208251953125,155.9182472229004,0.8862060483974831,0.00021004692952109229
5193.19970703125,138.41960525512695,0.894755687965817,0.00020725632570690818
5193.6766357421875,130.55250930786133,0.896473168933662,0.0002393713647766979
5194.1549072265625,145.29547500610352,0.903444497147222,0.0002122169765724083
5194.6339111328125,140.6048698425293,0.9159283868553981,0.00020979742744205407
5195.1131591796875,115.75727653503418,0.9126172537085173,0.0002007792751950306
5195.591552734375,203.08013916015625,0.92612231089593,0.00019463558886597708
5196.068603515625,232.84910202026367,0.9375812008058518,0.00022282485887219132
5196.5478515625,137.36841011047363,0.9451975912985551,0.00027108818668408654
5197.0272216796875,156.58291244506836,0.9462326481078421,0.00020193201032523203
5197.5064697265625,147.7775592803955,0.9547816150515059,0.00020257244422959802
5197.98291015625,168.93549346923828,0.9578917743052777,0.0002130994725148883
5198.46240234375,72.31505966186523,0.9531218279377124,0.00021578939138691
5198.94189453125,139.99015045166016,0.9457191903154254,0.00021733784784427464
5199.42138671875,147.30389785766602,0.9305816143345709,0.00017464967894119355
5199.8995361328125,181.45880889892578,0.9156143332484866,0.00019886046781663613
5200.377685546875,179.7736358642578,0.9037717753949404,0.00017486550545252585
5200.857421875,180.4893341064453,0.8926998793125892,0.00021585675959030662
5201.3370361328125,135.22375869750977,0.8899869361252953,0.00020935053789841588
5201.8160400390625,151.5053596496582,0.8805955610090163,0.0001861844104384642
5202.293701171875,180.31195449829102,0.8844998471547227,0.0001595881145489133
5202.7735595703125,219.26628875732422,0.8742405197737007,0.00016744033665950128
5203.25341796875,171.25609588623047,0.8796403988619351,0.00021463343698832984
5203.7332763671875,165.85387802124023,0.8792361290971368,0.00021406075748003686
5204.211181640625,177.48842239379883,0.8784833809804885,0.0001715030996614814
5204.6904296875,163.91034317016602,0.8729617691723759,0.00017020298703818946
5205.17041015625,163.6966495513916,0.864708177737769,0.0002078117300263754
5205.6505126953125,137.72533226013184,0.8594067839198464,0.00023516251906724312
5206.130126953125,76.73359680175781,0.851352302108096,0.00019558032138723334
5206.60791015625,145.62063598632812,0.8564935088181657,0.0001885085502563479
5207.0882568359375,144.60199546813965,0.8491633926329881,0.0002372294691704981
5207.568359375,107.02947235107422,0.8456758152927686,0.00024172463941835723
5208.048828125,181.8639373779297,0.8364988093048512,0.00020491934403077101
5208.5263671875,170.2923355102539,0.8307210578905312,0.00018704139722288792
5209.0068359375,137.4146728515625,0.8360381240379061,0.00019542570627914334
5209.4873046875,153.51286697387695,0.8383740357961288,0.0002455894599212262
5209.9677734375,74.74238777160645,0.8284014268641926,0.00027198818934992194
5210.44677734375,114.29351615905762,0.8249753072227192,0.00019724604432193118
5210.92578125,109.23831939697266,0.8321585159477153,0.000186596794653666
5211.4063720703125,145.78748321533203,0.8297962675824997,0.00023728675622024088
5211.88720703125,127.51554679870605,0.8325676220765345,0.00017906869372269583
5212.3670654296875,154.3491096496582,0.8251639931859649,0.00018193101386577778
5212.845703125,184.74627304077148,0.8252015547049869,0.0001992005205380091
5213.3265380859375,161.55043029785156,0.8073303341576982,0.00016255490484127876
5213.807373046875,180.28964614868164,0.8128386916462488,0.00018496967849215338
5214.2882080078125,143.92423629760742,0.8149495159781286,0.00023260815984944974
5214.7669677734375,140.9306354522705,0.8042788235313771,0.00017753009339679815
5215.247314453125,142.22894096374512,0.8059842870979514,0.00019737494039264445
5215.728271484375,146.2772979736328,0.8047094689873245,0.0002113292847173966
5216.2093505859375,182.44820404052734,0.7929451051039301,0.0002354653867555287
5216.6898193359375,93.06170082092285,0.7927224103373657,0.00023180882769862086
5217.168701171875,184.97717666625977,0.7902965966498781,0.00020328878828970864
5217.64990234375,117.64446258544922,0.8011648139742156,0.0002348025034893894
5218.131103515625,129.21142959594727,0.8043149931581339,0.0001934008867026049
5218.612548828125,114.0854320526123,0.8091782850479982,0.0002107829320069148
5219.0909423828125,127.5395679473877,0.8133317329726885,0.00022349777314272363
5219.572265625,159.20690536499023,0.8201647321138956,0.00022464935827951307
5220.0537109375,155.03509140014648,0.8427927076765913,0.00019056938307272886
5220.53515625,189.4733428955078,0.8472207495566852,0.00020382066973367662
5221.0152587890625,133.0204734802246,0.8400488546761795,0.00018414458937907795
5221.495361328125,184.7464599609375,0.841754125739006,0.0001986595575958375
5221.9769287109375,158.85966873168945,0.8402773189114985,0.000241219713678649
5222.45849609375,175.07953453063965,0.8251172777112854,0.00019132710247481805
5222.9395751953125,147.61030769348145,0.8315608301687332,0.00020253351233348157
5223.4190673828125,93.87291526794434,0.8323091146700268,0.0001939721623405435
5223.90087890625,95.43131637573242,0.8265148001858175,0.00019649867646962248
5224.3826904296875,129.12188911437988,0.8330560301449457,0.00020522545566328582
5224.8646240234375,182.90899658203125,0.8286470545053986,0.0002049173742168121
5225.34423828125,169.5113410949707,0.8233437272096135,0.00018466557441962136
5225.8255615234375,133.4815788269043,0.816737124111119,0.0002039648464219214
5226.3074951171875,120.6062068939209,0.8161755979475956,0.0002336175651535031
5226.78955078125,168.4149284362793,0.8105922250114189,0.0002370892253684263
5227.270263671875,152.05170440673828,0.8087521354735488,0.00021693735915595842
5227.7508544921875,151.31714630126953,0.8140983788746444,0.00026865384077690176
5228.233154296875,76.04767417907715,0.81827397746427,0.00035065139919951855
5228.7152099609375,91.09066772460938,0.8258672369986325,0.00023369028291399358
5229.197509765625,199.04113388061523,0.8340070072532455,0.0002357361502587695
5229.677001953125,137.18377685546875,0.8403991016281686,0.00024091479436604829
5230.159423828125,160.3963222503662,0.8379626749190504,0.0002030335712394748
5230.641845703125,179.6500129699707,0.8334684066784479,0.00022803708635601218
5231.124267578125,132.20064163208008,0.840211678754037,0.00023026746211842508
5231.6044921875,177.89088439941406,0.8341394307474309,0.0001948005277707494
5232.086181640625,154.2132339477539,0.8359905966175448,0.00018711613904791842
5232.56884765625,159.47328567504883,0.8238835910912999,0.00018201949480442904
5233.051513671875,149.84713554382324,0.8196370835654714,0.00019048210526042682
5233.5333251953125,172.4531192779541,0.8175401181600643,0.00020315750178772542
5234.013916015625,150.940279006958,0.8181216995240462,0.00026114611906845456
5234.496826171875,60.13663578033447,0.8230193792189046,0.00028254338010166874
5234.9794921875,128.28168296813965,0.8237498190101701,0.0001844820853565732
5235.4622802734375,122.53286552429199,0.8284624121261511,0.00018997947968818835
5235.9423828125,134.25274658203125,0.828988618007304,0.00020663858948162742
5236.42529296875,150.90470504760742,0.8405256398863737,0.00022334393076557286
5236.908203125,190.62616348266602,0.8499620656079544,0.00022113676557510535
5237.3912353515625,149.8671989440918,0.8617036780337847,0.00020988100174522477
5237.8729248046875,178.2497215270996,0.8636067822936949,0.00021168854079472776
5238.3544921875,189.57809448242188,0.8535285577915255,0.00021937025152685401
5238.8377685546875,140.51868438720703,0.8463521728245227,0.00019970446701365706
5239.32080078125,114.42378234863281,0.8377546721276401,0.00020565552136114022
5239.803466796875,148.1824779510498,0.8389191284415248,0.0001883213310589755
5240.2845458984375,144.7623634338379,0.8490391957821467,0.0002084046761390309
5240.767822265625,144.4293327331543,0.8384230627137379,0.0002701623264369125
5241.251220703125,152.70792770385742,0.8276483074638008,0.00022557768509746706
5241.734619140625,159.0101203918457,0.8329109765916325,0.00019100670002533248
5242.2159423828125,154.44150161743164,0.8329966071845487,0.00017674589798184713
5242.69873046875,142.3149871826172,0.8323412846553,0.0002106913971402424
5243.1822509765625,145.62731552124023,0.8191875974419196,0.00021920965888555708
5243.665771484375,105.6012077331543,0.8037312689297097,0.0002228880901628405
5244.1488037109375,105.32486915588379,0.80843875162261,0.00024677599153674314
5244.6302490234375,152.2527084350586,0.8028699113525132,0.00022464222500783332
5245.114013671875,170.21242904663086,0.8018906106625473,0.00023022027054934375
5245.5977783203125,149.45476150512695,0.812317347310101,0.00021710398727572226
5246.0816650390625,128.8258228302002,0.8151388236611238,0.00019561492193840167
5246.5626220703125,177.06931686401367,0.8274794998289304,0.00019814559017049277
5247.0465087890625,194.70292282104492,0.8293216328586251,0.00020491838820083563
5247.5303955078125,164.33916664123535,0.8355006690295131,0.00018287379414661306
5248.014404296875,133.35842323303223,0.8334001691981497,0.0001994875652451757
5248.4970703125,126.50473213195801,0.8454632612793491,0.00023439057723445873
5248.9796142578125,128.5838222503662,0.8495188173841923,0.00024943965177020823
5249.4638671875,147.79491806030273,0.8448458440806892,0.00022558323450416653
5249.947998046875,165.91504287719727,0.8451703248800535,0.00018853338366309124
5250.431396484375,135.59464836120605,0.8448717756889994,0.00019526942926382355
5250.91357421875,125.80561256408691,0.8412616458144448,0.00021241505094879488
5251.39794921875,111.60786056518555,0.8443314983229402,0.00021963450475907562
5251.88232421875,113.68554878234863,0.8385619087054532,0.0002528276238362527
5252.36669921875,140.4606704711914,0.834916692850315,0.00020531463848610302
5252.848876953125,148.94203567504883,0.8379017692123201,0.00020757639831737112
5253.33251953125,125.27040672302246,0.8493565272363491,0.00021534021436272222
5253.8173828125,161.24512481689453,0.8446339122957308,0.00022500809003324235
5254.3017578125,165.73968505859375,0.8297283438917777,0.0002437204800013035
5254.78564453125,106.46100425720215,0.8292303372248967,0.00022992320837795092
5255.26806640625,186.6688995361328,0.8189162490563789,0.0002202865884710757
5255.7529296875,177.9926528930664,0.8169151809974842,0.00020731234486462936
5256.2376708984375,138.6711883544922,0.8209331991950723,0.00027885691028274373
5256.722412109375,153.48070526123047,0.8266754269745866,0.00027624036192284616
5257.204345703125,159.62624549865723,0.8275909242290156,0.00022095179194842518
5257.6893310546875,149.99526596069336,0.8183829207421124,0.000221079097510976
5258.1741943359375,169.98217391967773,0.8175134444271056,0.0002465575292826059
5258.6591796875,168.26338577270508,0.8061588451384081,0.00024441921240176816
5259.142822265625,170.73532485961914,0.7871263071554154,0.00022292565455365546
5259.6263427734375,172.1548194885254,0.7746021594115767,0.00022817357561962943
5260.111572265625,131.2844181060791,0.7745252953706555,0.00023080327423176245
5260.5966796875,124.4563045501709,0.7722716603911538,0.00023511501531554605
5261.0810546875,113.78885269165039,0.7648336310391513,0.0002475168086262183
5261.564208984375,149.26141929626465,0.7579825353472581,0.00022668610554851343
5262.049560546875,131.16676902770996,0.7620160185754694,0.00020447006775913877
5262.534912109375,169.5558204650879,0.7614920992205501,0.0002260589957789531
5263.020263671875,115.61224555969238,0.7552216897231252,0.0002733720028384337
5263.50341796875,138.07521629333496,0.7470288476801492,0.0002772613789694242
5263.98828125,83.29902458190918,0.7404411006920946,0.00026982940575141177
5264.4736328125,107.22725486755371,0.7389497861609056,0.00028032088393762695
5264.9593505859375,94.63336181640625,0.7393300857579308,0.00029081320704580255
5265.443359375,115.47798538208008,0.7254084817104697,0.00033870957526006514
5265.9276123046875,87.903977394104,0.7215214184532044,0.00025545283970311236
5266.413330078125,179.37249755859375,0.7145296226714235,0.0002451598688785556
5266.8990478515625,133.4771556854248,0.7001237496576029,0.0002892633031832159
5267.3848876953125,126.45884895324707,0.6953852899661332,0.0002997022621064262
5267.8677978515625,92.51253890991211,0.6845152769629813,0.00015272087353168266
5268.3536376953125,132.23813819885254,0.6741438137935307,0.00024191230248209544
5268.839599609375,161.5804557800293,0.6639643127819536,0.0002466240742787878
5269.325439453125,116.18784713745117,0.6600620005727229,0.00023248534822174627
5269.809326171875,165.73537826538086,0.6449261747003059,0.0002386823505585119
5270.294677734375,120.10956573486328,0.6472986084768011,0.0002924390814638269
5270.78076171875,94.75601959228516,0.6469019483905266,0.0003275333672924704
5271.266845703125,81.52593326568604,0.6499386851481832,0.0003166753787775234
5271.75244140625,98.91381740570068,0.6441263308185683,0.0003072458520598901
5272.236572265625,142.0864315032959,0.6400391620188493,0.00029493503017106147
5272.722900390625,97.19344329833984,0.6377400298806554,0.00024809329990517774
5273.209228515625,112.41413116455078,0.6318531516349345,0.0002355307139543923
5273.695556640625,146.4225616455078,0.6324455481899244,0.0002227100337236447
5274.178955078125,160.00951385498047,0.6331704871057496,0.0002923017931061592
5274.665283203125,113.17394256591797,0.6396893611687567,0.0003063163858311342
5275.15185546875,100.90651893615723,0.6432916540211195,0.00024171780451750323
5275.638427734375,103.85856533050537,0.6417659418403177,0.00025723686265170857
5276.12353515625,154.1474609375,0.638453782338161,0.00025477592953364954
5276.608642578125,119.54145431518555,0.645384037034929,0.0002784437290594189
5277.095458984375,119.92809867858887,0.6431868602376758,0.0002873063782850923
5277.5821533203125,121.49000930786133,0.6498863231897786,0.00029840025062998637
5278.068115234375,120.66621589660645,0.6450428371305801,0.00023914673978843066
5278.552734375,109.62248039245605,0.6528071509437583,0.00024699785772381677
5279.0396728515625,98.78662109375,0.6418485470427449,0.00019933127360597316
5279.5264892578125,101.88505363464355,0.6370858688987057,0.00024660771878363226
5280.0135498046875,158.0173110961914,0.6312030683570382,0.00024166920205385026
5280.498291015625,93.56141471862793,0.616709440029522,0.00022463789828897142
5280.984619140625,85.89737701416016,0.5985592925074644,0.00026005385367208425
5281.4716796875,124.01467323303223,0.5918370327844171,0.0002931210476903606
5281.9588623046875,91.00242042541504,0.5893913546065973,0.00028367605689012007
5282.4453125,132.80722045898438,0.5923152656285313,0.0002568246758666185
5282.93017578125,107.23509216308594,0.5792285105674453,0.000265978172095149
5283.41748046875,146.7659568786621,0.5774737624473356,0.00026149284217159434
5283.90478515625,116.76530456542969,0.5836662936538667,0.00027205259038826925
5284.3922119140625,123.28378677368164,0.5820057726801515,0.0002881053541085933
5284.876708984375,102.44215774536133,0.5974819843060444,0.0003738125380333782
5285.3641357421875,115.26286697387695,0.5971222617496247,0.0003018917779005631
5285.8516845703125,54.38367176055908,0.5877875333373622,0.0002635006612443335
5286.339111328125,118.69156074523926,0.5791222089105604,0.00029023839592902476
5286.8253173828125,119.32730293273926,0.5798185650173249,0.00023464114574111032
5287.3114013671875,102.35318183898926,0.5858754835872244,0.000260783211520144
5287.799072265625,150.46029090881348,0.5818716917877396,0.00027632876018985047
5288.286865234375,120.26964378356934,0.5814606742736017,0.000263313014255981
5288.7738037109375,130.5570526123047,0.5805154690307123,0.00023174981455811124
5289.2593994140625,105.13022899627686,0.5857969086240228,0.00024508964690856663
5289.747314453125,82.67541694641113,0.5842279899065457,0.0002536744824283332
5290.2352294921875,103.46002006530762,0.5836503119676607,0.00024158110622929073
5290.72314453125,100.86267471313477,0.57450848278079,0.00027569839880474075
5291.2088623046875,72.9174280166626,0.5822016229239028,0.0002526846264308516
5291.6962890625,108.25898361206055,0.5835825834743514,0.00030648024106638276
5292.1842041015625,97.51288604736328,0.5897224396599818,0.0002509690682327693
5292.67236328125,114.5785961151123,0.5947235253356016,0.00024329898506071873
5293.159912109375,60.08342170715332,0.5997605106761251,0.00024340675578675227
5293.64599609375,110.4159984588623,0.6031234428267276,0.00027144522755406797
5294.13427734375,93.13052558898926,0.6062074101291334,0.00030779872055873466
5294.62255859375,80.60944366455078,0.6101221835337852,0.0002853629455161807
5295.11083984375,151.84517860412598,0.6214071447760701,0.0002499409911544116
5295.59619140625,150.8125343322754,0.6152654150509353,0.0002497256306650207
5296.08447265625,185.4615707397461,0.6142055555167799,0.0002674571755668473
5296.5732421875,127.07700729370117,0.6194781206655472,0.00027237182323308867
5297.0615234375,88.64095306396484,0.6212495314101939,0.00024796879792013355
5297.548828125,151.79763412475586,0.6269521582182145,0.00027103430162444934
5298.035888671875,125.95610237121582,0.6252859169302623,0.00031589500931347296
5298.5245361328125,112.5708065032959,0.6330518335539542,0.0003159310712981219
5299.01318359375,118.55273723602295,0.6323240908745957,0.0003209318610107717
5299.501220703125,64.63020706176758,0.6368301598111069,0.0003635595225668496
5299.9879150390625,115.99376106262207,0.6357955464223671,0.0003397523618437621
5300.4766845703125,146.96909713745117,0.6442667220581709,0.0002849869752121312
5300.965576171875,129.61527061462402,0.6394192678411035,0.00024489454760723387
5301.4544677734375,84.75168037414551,0.6440554402268185,0.0002530136984888719
5301.9412841796875,91.94281959533691,0.6484002562916436,0.0002847825231099873
5302.4295654296875,106.78886032104492,0.6410157247165519,0.0002955309002753722
5302.918701171875,96.62502098083496,0.6443092560570856,0.00027560898537987556
5303.40771484375,142.24148178100586,0.6553472517443892,0.00029466509736692734
5303.8953857421875,124.00458335876465,0.6583624323464596,0.0003034378801972143
5304.383056640625,127.8189582824707,0.6548534434564667,0.00030599855169179504
5304.872314453125,106.51151275634766,0.6448616398846612,0.00027305970434099436
5305.361572265625,164.41651916503906,0.6363878572407246,0.00029153946590504626
5305.85107421875,119.04215431213379,0.6275475686600309,0.0002817065862354599
5306.33740234375,128.94653129577637,0.613587822531612,0.00027780390521622167
5306.826904296875,103.4636402130127,0.6167267786079725,0.0002583658697206619
5307.31640625,110.66189193725586,0.6110855720867762,0.00025777738506496114
5307.8057861328125,107.82952308654785,0.6128244484487614,0.00026735984574666254
5308.293212890625,106.83746719360352,0.6020509587843522,0.0002951939325176842
5308.7821044921875,92.59843254089355,0.5984438223115578,0.000307125801949665
5309.271728515625,86.79777717590332,0.5941360245711257,0.0002881032650538866
5309.7613525390625,96.97567749023438,0.5878390157100986,0.0003277560596212464
5310.25048828125,140.03156661987305,0.593286610895988,0.0002774400501987317
5310.738037109375,101.17714500427246,0.6054455722389681,0.0002669182102080331
5311.227783203125,97.40547943115234,0.6185116249016632,0.0002695061247140944
5311.7176513671875,78.9917516708374,0.6138494386348369,0.0002736174376775607
5312.2076416015625,94.94402694702148,0.6103398454719567,0.0002645536450956836
5312.694580078125,115.38253784179688,0.6189812650158738,0.00024100415263088486
5313.184814453125,96.74253845214844,0.6204257583343705,0.0002921057166531682
5313.674560546875,119.4580249786377,0.6162173136701027,0.00026139166075958835
5314.164794921875,97.98904609680176,0.6150970051177029,0.0002878706210882331
5314.653564453125,107.70998191833496,0.6102246468538923,0.000290259378781949
5315.142333984375,60.18937921524048,0.6151588072645611,0.0003303757364742723
5315.632568359375,82.69393157958984,0.6172499151350486,0.0002676531696685631
5316.122802734375,100.68455982208252,0.610895014916101,0.00030652906154293865
5316.6123046875,96.16474914550781,0.6062109906130447,0.0002933438149212434
5317.100341796875,124.67070388793945,0.5983180173564735,0.00028146207582991663
5317.591064453125,115.8319444656372,0.5898745100754398,0.00030312847229652107
5318.081298828125,37.070103764534,0.5807721796628602,0.00032546510641760014
5318.5718994140625,99.28123092651367,0.5769341209843356,0.00031321309713828137
5319.0601806640625,108.3776798248291,0.5750790445543282,0.0003174387061050475
5319.550048828125,137.00986862182617,0.5720683484668339,0.0003138480814530339
5320.040771484375,140.64705657958984,0.5623905063541971,0.00031617767691046806
5320.5313720703125,136.55668258666992,0.5684950568873405,0.0002966931232931006
5321.0213623046875,149.41193771362305,0.5679062774390332,0.00030913903276325196
5321.5098876953125,89.2119026184082,0.5657413672545435,0.0003298315535728763
5322.0008544921875,115.27861213684082,0.5676092123937543,0.00030858921707266237
5322.49169921875,95.08955001831055,0.5682338699357821,0.00032641760364323584
5322.9825439453125,106.56036186218262,0.5683418187305226,0.000336543441375928
5323.4705810546875,113.81596755981445,0.5687143385565684,0.0003613226630166799
5323.9615478515625,85.18344497680664,0.56619683129706,0.000344890654740816
5324.45263671875,101.35403060913086,0.5616863877098826,0.0003100579394708418
5324.9437255859375,88.58964538574219,0.5621055885638371,0.0003065106751633198
5325.433349609375,42.88197708129883,0.5641119385550067,0.00039295967892348315
5325.923095703125,78.62008380889893,0.5662586021127258,0.000334603769220473
5326.414306640625,129.9548854827881,0.5637356837775805,0.00027672904762755297
5326.905517578125,87.20015144348145,0.560223883484168,0.00028263096516804176
5327.396240234375,69.65308094024658,0.5592906230924686,0.0003034082567757601
5327.8853759765625,81.99034404754639,0.5626301202561075,0.0002756805369735037
5328.376708984375,106.55020332336426,0.5531085093694805,0.0002841957821562526
5328.8682861328125,106.27725028991699,0.5553534581921935,0.00035360251752531135
5329.359619140625,59.99824142456055,0.5490406381537937,0.00040068968043541605
5329.84912109375,43.97995185852051,0.5479043836771582,0.0003999615366511157
5330.3399658203125,85.86316299438477,0.5447952044214397,0.00036318271932542386
5330.83154296875,118.54718780517578,0.5356105247679928,0.0003543728136683346
5331.3232421875,66.11142492294312,0.5334422976300541,0.0003683366068869886
5331.814208984375,87.87059831619263,0.5260153778925674,0.0003201444695290428
5332.3037109375,98.75450134277344,0.5259606821512705,0.0002795115784703981
5332.7955322265625,92.57643413543701,0.5280615070455293,0.00027963704523118426
5333.2874755859375,112.7796573638916,0.5127454121137598,0.0003152419551462807
5333.779296875,86.24949932098389,0.510024760291623,0.00033541214393636954
5334.2684326171875,103.6882095336914,0.5074955878152713,0.0003646878050500966
5334.76025390625,123.56291961669922,0.5140363967646114,0.0002791732055509427
5335.25244140625,96.85118293762207,0.52133602562672,0.00028308000021197655
5335.74462890625,96.65411376953125,0.5241640272015569,0.000296508176939865
5336.2353515625,122.0280704498291,0.52853044712278,0.0003296686618406708
5336.72607421875,74.78814220428467,0.5287525257823814,0.0003422513037775623
5337.21826171875,91.18122959136963,0.5310633113896558,0.0003072735199147295
5337.71044921875,97.83628845214844,0.5259194103710289,0.00031693116644088
5338.201904296875,86.5640172958374,0.528580542527812,0.0003375633822591095
5338.6920166015625,88.95898818969727,0.5327304000186858,0.0003009681996891494
5339.1845703125,91.63653564453125,0.5272620046329125,0.0003656125432549437
5339.6768798828125,70.09511375427246,0.52611406340949,0.00034252002318905134
5340.16943359375,105.51000022888184,0.5273130046221459,0.00034730018746656103
5340.6597900390625,68.78800106048584,0.5211899254945451,0.0003727540902891449
5341.151611328125,91.96693992614746,0.5181051527625954,0.00034705981030532483
5341.644287109375,78.6930923461914,0.5175913198877389,0.00039696689612429956
5342.136962890625,74.3750524520874,0.5145810378527639,0.0003767872754592329
5342.628173828125,63.78026103973389,0.5113117841677696,0.00038830725368923
5343.1195068359375,122.03576850891113,0.5086972817731613,0.00035502036090888297
5343.6121826171875,80.94574642181396,0.511828025143736,0.00035617458450798076
5344.105224609375,114.29915046691895,0.5145061291168801,0.0003787204615670263
5344.5980224609375,98.48233604431152,0.5084621131664816,0.0003732826011517954
5345.088134765625,55.776549339294434,0.4979827470526886,0.0003739341908939516
5345.5810546875,103.90512084960938,0.4894890072325305,0.00029793400329727356
5346.0740966796875,78.73127174377441,0.48945370168831054,0.00033558305134489077
5346.567138671875,103.07983779907227,0.479302701620078,0.00033729133697213653
5347.05810546875,93.03894233703613,0.47175131203996895,0.000356305503426937
5347.550537109375,73.21966075897217,0.4631317753174218,0.00034282356840088703
5348.043701171875,95.06658172607422,0.4594712492973483,0.0003021699504427503
5348.537109375,73.98733425140381,0.45861076385272265,0.0003186061102727553
5349.029541015625,80.86075210571289,0.455657422889179,0.0003108121433883767
5349.520751953125,58.06915855407715,0.45853775545371134,0.0003520866422947607
5350.01416015625,59.619587659835815,0.4675467846332892,0.0003442737403282394
5350.5076904296875,85.98770236968994,0.4678341620863847,0.00035206939022262656
5351.0010986328125,99.11497497558594,0.47441608131610147,0.0003703167121298931
5351.49169921875,66.34260368347168,0.48420528769378673,0.00036671701231962375
5351.9852294921875,80.09661769866943,0.48652619703496003,0.00032508575933356946
5352.4788818359375,105.8317699432373,0.488967393074597,0.00032012026558449674
5352.9725341796875,75.67983055114746,0.4909698988073589,0.00033339668626233533
5353.46484375,76.1038761138916,0.48917364472692076,0.0003969432769935443
5353.9571533203125,104.6318130493164,0.4904960844307811,0.0003454335013031125
5354.450927734375,99.44172668457031,0.4976701541280718,0.00035244503812010566
5354.9447021484375,74.31739044189453,0.49791565569208557,0.0003330570166970285
5355.43798828125,63.816162109375,0.5115188276793705,0.0003615512065338639
5355.9296875,74.75936126708984,0.5187065552355405,0.0003527646879464534
5356.423583984375,115.23487281799316,0.532905516082124,0.0003829372683971809
5356.917724609375,92.94374656677246,0.5381390060293878,0.0003564490019797953
5357.411865234375,74.77431869506836,0.5331303421899423,0.00034272055438840673
5357.90380859375,79.51382064819336,0.5295406509456891,0.0003465170707732995
5358.397216796875,69.90796947479248,0.5300641805553354,0.0003442826008975193
5358.891357421875,72.84353351593018,0.5241679392944788,0.0003286827901470743
5359.385498046875,74.04720401763916,0.5166607241997725,0.00039331188132296516
5359.87939453125,76.27714157104492,0.5105200038751649,0.0003521874513404094
5360.371337890625,103.73966693878174,0.5020827464750608,0.0003534856952067485
5360.8658447265625,91.15117073059082,0.49825650613624095,0.0003489664093853678
5361.3602294921875,100.23583793640137,0.48963687756897795,0.000308107457458248
5361.854736328125,107.94378471374512,0.4839181191410649,0.0003552288658216239
5362.3463134765625,131.45022773742676,0.4819334891836848,0.0003200579566673004
5362.8409423828125,100.52246284484863,0.4749045248903193,0.0003521561977231563
5363.3355712890625,108.95352172851562,0.4679645838275743,0.0003868268078603302
5363.8302001953125,99.24467658996582,0.464998722770457,0.00033909022438334085
5364.3233642578125,83.16423416137695,0.4589473287016188,0.0004029903562056393
5364.8167724609375,68.61097145080566,0.45108807297458053,0.00038839558830809943
5365.3115234375,96.72982025146484,0.4412537346563695,0.00036498236175865745
5365.806396484375,69.48794078826904,0.4389005987797222,0.0003786377191268358
5366.300537109375,70.2357063293457,0.4375656572660181,0.0004245734656682194
5366.7933349609375,65.2882890701294,0.4310074204230128,0.00039857165768819754
5367.288330078125,82.27452278137207,0.4288951296146194,0.0003512360642127721
5367.783447265625,89.43660736083984,0.4289008241643807,0.0003561874278264
5368.2783203125,106.05693054199219,0.42951455754445744,0.000339683374490551
5368.7713623046875,93.92146873474121,0.4251733167923216,0.00035261611232318725
5369.265869140625,64.7333116531372,0.4314770779666119,0.00035183492838552235
5369.760986328125,79.82569217681885,0.4379640275108462,0.0003608505275928213
5370.25634765625,33.97082185745239,0.44244188149138003,0.00035025262628046765
5370.7508544921875,24.589040517807007,0.44138222939774135,0.0003514935503015474
5371.2440185546875,-9.907889366149902,0.43821254389364017,0.00029490230007931696
5371.7393798828125,14.313322305679321,0.44076362934039953,0.00029425052870041816
5372.23486328125,59.466590881347656,0.43894229233165405,0.00034763522744050865
5372.7303466796875,33.60300302505493,0.43446293261853997,0.0005004264367492666
5373.222900390625,66.73446846008301,0.4352503551718277,0.00042866717558354134
5373.718505859375,63.33941078186035,0.4321543178867159,0.0003740588881809129
5374.2142333984375,107.88628768920898,0.42876040514214026,0.00036478887025496586
5374.7098388671875,95.43589210510254,0.4295575075977559,0.00037174728561121265
5375.2041015625,66.12970924377441,0.4235300732686205,0.00036214450817399996
5375.6983642578125,85.12410163879395,0.4264163107266749,0.0003461877114905506
5376.1943359375,94.80221366882324,0.42304156502190265,0.0004452407582102487
5376.68994140625,103.84062385559082,0.4247675455014602,0.0003977459964333606
5377.185302734375,76.9946117401123,0.4308793941241036,0.00042726659163637307
5377.6790771484375,87.78196907043457,0.42732778309891434,0.0003929290787644332
5378.1748046875,113.50514793395996,0.42367893677857554,0.0004264674872287064
5378.6708984375,72.31204319000244,0.4200100793335661,0.00042421745211652023
5379.1669921875,98.00130462646484,0.4161029278744728,0.00037186966584506446
5379.660888671875,86.59258365631104,0.41200542375423027,0.00038351065294340875
5380.1563720703125,99.65921592712402,0.40781810320063216,0.0003899586361953636
5380.65283203125,84.2339096069336,0.4036096312312109,0.0004080356023844838
5381.14892578125,96.05280113220215,0.3991626250201042,0.0004439278507084264
5381.643798828125,93.8873291015625,0.39461208402553566,0.00038031783677377687
5382.138671875,81.43570232391357,0.38995975773086394,0.0003886088056162726
5382.6351318359375,96.13088607788086,0.3852293476823807,0.00037646409852436474
5383.131591796875,63.01681327819824,0.3804003367347165,0.00037674486748820566
5383.6280517578125,91.37005615234375,0.3754747024437235,0.0004179791523772766
5384.1217041015625,56.190757751464844,0.3704545125796485,0.000417087551546065
5384.6182861328125,49.59452724456787,0.3653419299207466,0.0004643115536749049
5385.1148681640625,31.27479648590088,0.3601392174952205,0.00043603397519072657
5385.611572265625,44.86180877685547,0.35484874432544206,0.0003888057780206957
5386.1060791015625,62.81296443939209,0.34947299173671953,0.0004410429839196683
5386.6021728515625,69.64195251464844,0.3440145603027243,0.00038483809700894735
5387.098876953125,77.94693756103516,0.3384761775114409,0.0004100213598615371
5387.5958251953125,77.62617301940918,0.33286364669546953,0.0004337601185693295
5388.0919189453125,46.94114017486572,0.32717693458417874,0.0004070218749334875
5388.586669921875,56.04225826263428,0.32141920230488763,0.00042827941493741515
5389.083740234375,58.21407127380371,0.31559377812168804,0.00047615741825745027
5389.580810546875,27.467232704162598,0.30970417057983646,0.0005048651187469958
5390.077880859375,64.5836935043335,0.3037540833004824,0.00041264732238125904
5390.572021484375,37.361902475357056,0.2977474317019975,0.00046409826421382576
5391.0693359375,62.11763095855713,0.29168836198315173,0.00047383498890657264
5391.56640625,40.768858432769775,0.2855870337654183,0.0004501705088748914
5392.063720703125,21.52055025100708,0.279461864450277,0.00045259360379455
